exposure_usd,kind,miles_above,miles_total,name,quantity,rank,unit,voltage_kv,worst
919069.6477890015,substation,,,WESTERN SUBSTATION,"115 kV substation, P 9%",1,site,115.0,0.08509904146194458
307109.15699601173,substation,,,MIKE DONTEEN,"115 kV substation, P 3%",2,site,115.0,0.02843603305518627
255846.26868367195,substation,,,NORTH WENATCHEE,"115 kV substation, P 2%",3,site,115.0,0.023689469322562218
87069.50359046459,substation,,,TAP209273,"115 kV substation, P 1%",4,site,115.0,0.008061991073191166
51363.74840499696,line,0.0,3.253177435665922,PUD NO 1 OF CHELAN COUNTY 115 kV #211391,0.0 of 3 mi above 40%,5,mi,115.0,0.1520322561264038
47655.90143348623,line,0.0,3.22136612609454,PUD NO 1 OF CHELAN COUNTY 115 kV #211383,0.0 of 3 mi above 40%,6,mi,115.0,0.1520322561264038
41304.42291498184,substation,,,TERRY,"115 kV substation, P 0%",7,site,115.0,0.0038244836032390594
41039.0561332094,line,0.0,1.13896272916097,PUD NO 1 OF CHELAN COUNTY 115 kV #211359,0.0 of 1 mi above 40%,8,mi,115.0,0.07585817575454712
38171.95080336342,line,0.0,1.3634312330834282,PUD NO 1 OF DOUGLAS COUNTY 115 kV #211433,0.0 of 1 mi above 40%,9,mi,115.0,0.07807816565036774
37702.045253086355,line,0.0,54.44159970131843,BONNEVILLE POWER ADMINISTRATION 345 kV #200126,0.0 of 54 mi above 40%,10,mi,345.0,0.060086652636528015
35648.15979272197,line,0.0,7.607680413338018,BONNEVILLE POWER ADMINISTRATION 500 kV #200083,0.0 of 8 mi above 40%,11,mi,500.0,0.09268777817487717
35428.61594788033,line,0.0,7.573302630818128,BONNEVILLE POWER ADMINISTRATION 345 kV #200125,0.0 of 8 mi above 40%,12,mi,345.0,0.09268777817487717
34262.78227950642,line,0.0,40.869972903430146,PUD NO 1 OF DOUGLAS COUNTY 230 kV #205765,0.0 of 41 mi above 40%,13,mi,230.0,0.06371499598026276
34246.89210702539,line,0.0,54.437919229204766,BONNEVILLE POWER ADMINISTRATION 500 kV #200076,0.0 of 54 mi above 40%,14,mi,500.0,0.05665242671966553
33945.687713619314,line,0.0,54.43585466497592,BONNEVILLE POWER ADMINISTRATION 345 kV #200127,0.0 of 54 mi above 40%,15,mi,345.0,0.05665242671966553
33498.1352297919,line,0.0,40.85254456027125,PUD NO 1 OF DOUGLAS COUNTY 230 kV #205764,0.0 of 41 mi above 40%,16,mi,230.0,0.06371499598026276
31700.948937762318,line,0.0,6.122561016977488,"OKANOGAN COUNTY ELEC COOP, INC 115 kV #205966",0.0 of 6 mi above 40%,17,mi,115.0,0.15713684260845184
31588.80844382005,line,0.0,33.45313590281169,BONNEVILLE POWER ADMINISTRATION 500 kV #200087,0.0 of 33 mi above 40%,18,mi,500.0,0.05665242671966553
29597.324021922,line,0.0,7.675127083069387,PUD NO 1 OF DOUGLAS COUNTY 115 kV #211400,0.0 of 8 mi above 40%,19,mi,115.0,0.09268777817487717
28422.079794108868,substation,,,TAP209247,"115 kV substation, P 0%",20,site,115.0,0.0026316740550100803
26704.32860031724,substation,,,TAP209281,"115 kV substation, P 0%",21,site,115.0,0.0024726230185478926
24376.637742230003,line,0.0,6.157774336740431,PUD NO 1 OF CHELAN COUNTY 115 kV #211392,0.0 of 6 mi above 40%,22,mi,115.0,0.09947021305561066
19465.754700751248,line,0.0,7.607138716399367,BONNEVILLE POWER ADMINISTRATION 230 kV #201009,0.0 of 8 mi above 40%,23,mi,230.0,0.09268777817487717
18367.800442501903,substation,,,SUNNYSLOPE,"115 kV substation, P 0%",24,site,115.0,0.0017007222631946206
18367.800442501903,substation,,,TAP209246,"115 kV substation, P 0%",25,site,115.0,0.0017007222631946206
17236.35903167714,line,0.0,7.636288346584708,BONNEVILLE POWER ADMINISTRATION 230 kV #205766,0.0 of 8 mi above 40%,26,mi,230.0,0.09268777817487717
13873.918478851932,line,0.0,3.576019733432799,PUD NO 1 OF DOUGLAS COUNTY 230 kV #206972,0.0 of 4 mi above 40%,27,mi,230.0,0.07585817575454712
12256.803545317684,line,0.0,0.3876911465634135,PUD NO 1 OF CHELAN COUNTY 115 kV #211371,0.0 of 0 mi above 40%,28,mi,115.0,0.08035746961832047
10029.876251925622,line,0.0,2.2493826165743105,PUD NO 1 OF DOUGLAS COUNTY 115 kV #211394,0.0 of 2 mi above 40%,29,mi,115.0,0.02843603305518627
9815.284353665676,line,0.0,3.143835350691214,PUD NO 1 OF CHELAN COUNTY 115 kV #211360,0.0 of 3 mi above 40%,30,mi,115.0,0.023689469322562218
9536.894434131682,substation,,,TAP209238,"115 kV substation, P 0%",31,site,115.0,0.0008830457809381187
9536.894434131682,substation,,,TAP209279,"115 kV substation, P 0%",32,site,115.0,0.0008830457809381187
9442.606965927753,line,0.0,0.31790234181271565,PUD NO 1 OF OKANOGAN COUNTY 115 kV #211435,0.0 of 0 mi above 40%,33,mi,115.0,0.055005285888910294
9419.589313198047,line,0.0,6.515322256307049,PUGET SOUND ENERGY INC 230 kV #205726,0.0 of 7 mi above 40%,34,mi,230.0,0.05665242671966553
8684.127987362444,substation,,,OLDS STATION,"115 kV substation, P 0%",35,site,115.0,0.0008040859247557819
8576.455105822904,line,0.0,1.7267840089203688,PUD NO 1 OF CHELAN COUNTY 115 kV #211372,0.0 of 2 mi above 40%,36,mi,115.0,0.023689469322562218
7504.961730505767,line,0.0,0.29557525744313834,PUD NO 1 OF DOUGLAS COUNTY 115 kV #211395,0.0 of 0 mi above 40%,37,mi,115.0,0.06560483574867249
6978.99553924799,substation,,,PESHASTIN SUBSTATION,"115 kV substation, P 0%",38,site,115.0,0.0006462032906711102
6978.99553924799,substation,,,UNKNOWN209280,"115 kV substation, P 0%",39,site,115.0,0.0006462032906711102
6556.415604427457,substation,,,UNKNOWN206245,"115 kV substation, P 0%",40,site,115.0,0.0006070755189284682
5970.009486190975,substation,,,TAP209277,"115 kV substation, P 0%",41,site,115.0,0.000552778656128794
5436.023999936879,substation,,,TAP209278,"115 kV substation, P 0%",42,site,115.0,0.000503335555549711
5268.856894690543,substation,,,MANSON,"115 kV substation, P 0%",43,site,115.0,0.000487857119878754
5268.856894690543,substation,,,TAP209269,"115 kV substation, P 0%",44,site,115.0,0.000487857119878754
5268.856894690543,substation,,,TAP209282,"115 kV substation, P 0%",45,site,115.0,0.000487857119878754
5106.828000862151,substation,,,ANDERSON CANYON,"115 kV substation, P 0%",46,site,115.0,0.0004728544445242733
4650.016897358,substation,,,TAP203458,"115 kV substation, P 0%",47,site,115.0,0.00043055712012574077
4650.016897358,substation,,,TWISP,"115 kV substation, P 0%",48,site,115.0,0.00043055712012574077
4572.781128027449,line,0.0,6.241594660846165,PUD NO 1 OF CHELAN COUNTY 115 kV #211393,0.0 of 6 mi above 40%,49,mi,115.0,0.004198795650154352
4507.010104134679,substation,,,UNKNOWN202971,"115 kV substation, P 0%",50,site,115.0,0.00041731575038284063
4504.969916465516,line,0.0,13.165025876975438,PUD NO 1 OF CHELAN COUNTY 115 kV #211455,0.0 of 13 mi above 40%,51,mi,115.0,0.002182716503739357
4234.051227103919,substation,,,UNKNOWN202969,"115 kV substation, P 0%",52,site,115.0,0.0003920417802873999
4234.051227103919,substation,,,TAP209283,"115 kV substation, P 0%",53,site,115.0,0.0003920417802873999
4209.408984171727,line,0.0,11.906495960893457,PUD NO 1 OF CHELAN COUNTY 115 kV #211456,0.0 of 12 mi above 40%,54,mi,115.0,0.002182716503739357
3621.7814893461764,substation,,,UNKNOWN202970,"115 kV substation, P 0%",55,site,115.0,0.00033535013790242374
3621.7814893461764,substation,,,TAP209267,"115 kV substation, P 0%",56,site,115.0,0.00033535013790242374
3196.336515247822,substation,,,UNKNOWN209272,"34 kV substation, P 0%",57,site,34.5,0.0002959570847451687
3138.5720962578507,line,0.0,3.8815057659905117,PUD NO 1 OF CHELAN COUNTY 115 kV #211444,0.0 of 4 mi above 40%,58,mi,115.0,0.0027149852830916643
3124.293708888968,line,0.0,7.723589638402395,PUD NO 1 OF OKANOGAN COUNTY 115 kV #211430,0.0 of 8 mi above 40%,59,mi,115.0,0.004905405919998884
3110.3519549058087,line,0.0,3.6890166367875845,PUD NO 1 OF CHELAN COUNTY 115 kV #211374,0.0 of 4 mi above 40%,60,mi,115.0,0.0024726230185478926
3002.7343542315066,substation,,,PATEROS,"115 kV substation, P 0%",61,site,115.0,0.0002780309587251395
2996.8489563542107,line,0.0,0.4443881411903105,PUD NO 1 OF OKANOGAN COUNTY 115 kV #211431,0.0 of 0 mi above 40%,62,mi,115.0,0.016914913430809975
2820.855437312275,substation,,,LEAVENWORTH SUBSTATION,"115 kV substation, P 0%",63,site,115.0,0.0002611903182696551
2489.472390152514,substation,,,TAP209271,"115 kV substation, P 0%",64,site,115.0,0.00023050670279189944
2429.7407597452057,line,0.0,14.086638078968182,PUD NO 1 OF CHELAN COUNTY 115 kV #211451,0.0 of 14 mi above 40%,65,mi,115.0,0.00043055712012574077
2379.7192641100373,line,0.0,5.618987600982179,PUD NO 1 OF CHELAN COUNTY 115 kV #211439,0.0 of 6 mi above 40%,66,mi,115.0,0.0012843081494793296
2338.675770442933,substation,,,CRUM CANYON,"115 kV substation, P 0%",67,site,115.0,0.00021654405281879008
2338.675770442933,substation,,,WAPATO,"115 kV substation, P 0%",68,site,115.0,0.00021654405281879008
2197.011443786323,substation,,,DOUGLAS,"230 kV substation, P 0%",69,site,230.0,0.00020342698553577065
2063.9266760554165,substation,,,UNION VALLEY,"115 kV substation, P 0%",70,site,115.0,0.000191104321856983
2063.9266760554165,substation,,,UNKNOWN209240,"115 kV substation, P 0%",71,site,115.0,0.000191104321856983
2063.9266760554165,substation,,,TAP209259,"69 kV substation, P 0%",72,site,69.0,0.000191104321856983
2063.9266760554165,substation,,,TAP209261,"69 kV substation, P 0%",73,site,69.0,0.000191104321856983
2063.9266760554165,substation,,,MILES O'MALLEY,"69 kV substation, P 0%",74,site,69.0,0.000191104321856983
2062.621779621032,line,0.0,8.618215570817835,PUD NO 1 OF CHELAN COUNTY 115 kV #211376,0.0 of 9 mi above 40%,75,mi,115.0,0.0023967307060956955
1959.240155268278,line,0.0,9.905161271552895,"OKANOGAN COUNTY ELEC COOP, INC 115 kV #205964",0.0 of 10 mi above 40%,76,mi,115.0,0.0005884087877348065
1938.9020511880517,substation,,,TAP209266,"115 kV substation, P 0%",77,site,115.0,0.00017952796770259738
1786.8061505214362,line,0.0,8.472108168119926,BONNEVILLE POWER ADMINISTRATION 115 kV #201026,0.0 of 8 mi above 40%,78,mi,115.0,0.000487857119878754
1711.111154872924,substation,,,TAP206318,"115 kV substation, P 0%",79,site,115.0,0.00015843621804378927
1607.4556682724506,substation,,,UNKNOWN202925,"115 kV substation, P 0%",80,site,115.0,0.00014883848780300468
1607.4556682724506,substation,,,TAP209241,"115 kV substation, P 0%",81,site,115.0,0.00014883848780300468
1607.4556682724506,substation,,,UNKNOWN209244,"115 kV substation, P 0%",82,site,115.0,0.00014883848780300468
1510.0782795343548,substation,,,ORONDO,"115 kV substation, P 0%",83,site,115.0,0.00013982206291984767
1510.0782795343548,substation,,,UNKNOWN202563,"115 kV substation, P 0%",84,site,115.0,0.00013982206291984767
1510.0782795343548,substation,,,UNKNOWN209242,"115 kV substation, P 0%",85,site,115.0,0.00013982206291984767
1510.0782795343548,substation,,,TAP209260,"115 kV substation, P 0%",86,site,115.0,0.00013982206291984767
1510.0782795343548,substation,,,TAP209263,"115 kV substation, P 0%",87,site,115.0,0.00013982206291984767
1510.0782795343548,substation,,,UNKNOWN209264,"115 kV substation, P 0%",88,site,115.0,0.00013982206291984767
1510.0782795343548,substation,,,TAP209265,"115 kV substation, P 0%",89,site,115.0,0.00013982206291984767
1403.5343863794785,line,0.0,0.35382507816368247,PUD NO 1 OF OKANOGAN COUNTY 115 kV #211432,0.0 of 0 mi above 40%,90,mi,115.0,0.007345826830714941
1332.6614687684923,substation,,,UNKNOWN202484,"115 kV substation, P 0%",91,site,115.0,0.00012339458044152707
1099.47928502871,line,0.0,13.215192649703999,PUD NO 1 OF CHELAN COUNTY 115 kV #211364,0.0 of 13 mi above 40%,92,mi,115.0,0.00023050670279189944
1069.2784533039653,line,0.0,12.786975853157392,PUD NO 1 OF DOUGLAS COUNTY 115 kV #211415,0.0 of 13 mi above 40%,93,mi,115.0,0.00020342698553577065
1043.2706376484127,line,0.0,10.051495042794787,PUD NO 1 OF DOUGLAS COUNTY 115 kV #211413,0.0 of 10 mi above 40%,94,mi,115.0,0.0002611903182696551
1023.4159543503529,line,0.0,5.89020367973193,PUD NO 1 OF CHELAN COUNTY 115 kV #211458,0.0 of 6 mi above 40%,95,mi,115.0,0.0009697519708424807
947.9437968624742,line,0.0,7.338135343624151,PUD NO 1 OF CHELAN COUNTY 115 kV #211422,0.0 of 7 mi above 40%,96,mi,115.0,0.00033535013790242374
932.8710009121875,line,0.0,8.279654702190063,PUD NO 1 OF CHELAN COUNTY 115 kV #211428,0.0 of 8 mi above 40%,97,mi,115.0,0.0002780309587251395
908.2180930481446,line,0.0,4.273782426047123,PUD NO 1 OF CHELAN COUNTY 115 kV #211460,0.0 of 4 mi above 40%,98,mi,115.0,0.0004728544445242733
826.5917649363518,line,0.0,4.068442583563804,PUD NO 1 OF CHELAN COUNTY 115 kV #211459,0.0 of 4 mi above 40%,99,mi,115.0,0.0004442183708306402
699.6730370444458,line,0.0,2.0794346172945675,PUD NO 1 OF CHELAN COUNTY 115 kV #211440,0.0 of 2 mi above 40%,100,mi,115.0,0.0007321811863221228
639.0892800890122,line,0.0,7.587284860898218,PUD NO 1 OF CHELAN COUNTY 115 kV #211368,0.0 of 8 mi above 40%,101,mi,115.0,0.00017952796770259738
630.1762495681322,line,0.0,6.210943010840824,PUD NO 1 OF DOUGLAS COUNTY 115 kV #211414,0.0 of 6 mi above 40%,102,mi,115.0,0.00034599160426296294
617.4470525849255,line,0.0,8.195664607483618,PUD NO 1 OF CHELAN COUNTY 115 kV #206083,0.0 of 8 mi above 40%,103,mi,115.0,0.00015843621804378927
602.8294786416076,line,0.0,6.007678167686674,PUD NO 1 OF CHELAN COUNTY 115 kV #211367,0.0 of 6 mi above 40%,104,mi,115.0,0.00023050670279189944
601.5095941020213,line,0.0,3.7675489949173366,PUD NO 1 OF CHELAN COUNTY 115 kV #211450,0.0 of 4 mi above 40%,105,mi,115.0,0.00043055712012574077
550.1461106867154,line,0.0,2.6277522880899893,PUD NO 1 OF CHELAN COUNTY 115 kV #211361,0.0 of 3 mi above 40%,106,mi,115.0,0.0008830457809381187
529.7273599146316,line,0.0,1.9416161194206918,PUD NO 1 OF CHELAN COUNTY 115 kV #211448,0.0 of 2 mi above 40%,107,mi,115.0,0.000570315751247108
523.0007345604347,line,0.0,3.0692846807101133,PUD NO 1 OF CHELAN COUNTY 115 kV #211449,0.0 of 3 mi above 40%,108,mi,115.0,0.0004728544445242733
372.13864832598205,line,0.0,0.7836189072254174,PUD NO 1 OF CHELAN COUNTY 115 kV #211443,0.0 of 1 mi above 40%,109,mi,115.0,0.001098731067031622
370.7562474296667,line,0.0,0.8262238045699648,PUD NO 1 OF CHELAN COUNTY 115 kV #211438,0.0 of 1 mi above 40%,110,mi,115.0,0.0009697519708424807
322.76511425644446,line,0.0,3.8541923664097117,PUD NO 1 OF CHELAN COUNTY 115 kV #211369,0.0 of 4 mi above 40%,111,mi,115.0,0.0001686527393758297
321.16091000361934,line,0.0,1.2349149129285841,PUD NO 1 OF CHELAN COUNTY 115 kV #211454,0.0 of 1 mi above 40%,112,mi,115.0,0.000487857119878754
302.1633382137019,line,0.0,1.051710071322022,PUD NO 1 OF CHELAN COUNTY 115 kV #211442,0.0 of 1 mi above 40%,113,mi,115.0,0.000552778656128794
288.9232833005846,line,0.0,1.3149849504218247,PUD NO 1 OF CHELAN COUNTY 115 kV #211453,0.0 of 1 mi above 40%,114,mi,115.0,0.00041731575038284063
279.8252111060063,line,0.0,2.1144362916700485,PUD NO 1 OF CHELAN COUNTY 115 kV #211426,0.0 of 2 mi above 40%,115,mi,115.0,0.0002780309587251395
265.3043456495843,line,0.0,1.2988440862761703,PUD NO 1 OF CHELAN COUNTY 115 kV #211425,0.0 of 1 mi above 40%,116,mi,115.0,0.000487857119878754
210.40096845901135,line,0.0,2.639432924505208,PUD NO 1 OF CHELAN COUNTY 115 kV #211416,0.0 of 3 mi above 40%,117,mi,115.0,0.00015843621804378927
202.67160059129975,line,0.0,2.580258941254239,PUD NO 1 OF CHELAN COUNTY 115 kV #211420,0.0 of 3 mi above 40%,118,mi,115.0,0.00015843621804378927
178.3313216157972,line,0.0,0.12548787626214497,PUD NO 1 OF CHELAN COUNTY 115 kV #211445,0.0 of 0 mi above 40%,119,mi,115.0,0.0026316740550100803
144.49279528830004,line,0.0,1.843924092884554,PUD NO 1 OF CHELAN COUNTY 115 kV #211366,0.0 of 2 mi above 40%,120,mi,115.0,0.00015843621804378927
138.79961586561703,line,0.0,0.10395289688276839,PUD NO 1 OF CHELAN COUNTY 115 kV #211446,0.0 of 0 mi above 40%,121,mi,115.0,0.0024726230185478926
119.14612999615156,line,0.0,1.3457213261322751,PUD NO 1 OF CHELAN COUNTY 115 kV #211419,0.0 of 1 mi above 40%,122,mi,115.0,0.00017952796770259738
118.3908562616703,line,0.0,0.49306027374407624,"OKANOGAN COUNTY ELEC COOP, INC 115 kV #205965",0.0 of 0 mi above 40%,123,mi,115.0,0.0004728544445242733
108.6461187186616,line,0.0,0.9565979633991007,PUD NO 1 OF CHELAN COUNTY 115 kV #211363,0.0 of 1 mi above 40%,124,mi,115.0,0.00023050670279189944
48.453890047819144,line,0.0,0.11159183770283336,PUD NO 1 OF CHELAN COUNTY 115 kV #211362,0.0 of 0 mi above 40%,125,mi,115.0,0.0008040859247557819
46.39963760225538,line,0.0,0.6335830120523684,BONNEVILLE POWER ADMINISTRATION 230 kV #201015,0.0 of 1 mi above 40%,126,mi,230.0,0.00020342698553577065
33.58919238651114,line,0.0,0.4490068069340374,PUD NO 1 OF CHELAN COUNTY 230 kV #206970,0.0 of 0 mi above 40%,127,mi,230.0,0.00021654405281879008
31.68546246575857,line,0.0,0.432662231533286,PUD NO 1 OF CHELAN COUNTY 230 kV #206967,0.0 of 0 mi above 40%,128,mi,230.0,0.00020342698553577065
28.536902019336008,line,0.0,0.3814698224372057,PUD NO 1 OF CHELAN COUNTY 230 kV #206971,0.0 of 0 mi above 40%,129,mi,230.0,0.00021654405281879008
25.5255621858095,line,0.0,0.3485493294721144,PUD NO 1 OF CHELAN COUNTY 230 kV #206968,0.0 of 0 mi above 40%,130,mi,230.0,0.00020342698553577065
23.252864501008656,line,0.0,0.31751584044006714,PUD NO 1 OF CHELAN COUNTY 230 kV #206969,0.0 of 0 mi above 40%,131,mi,230.0,0.00020342698553577065
9.401050569871364,line,0.0,0.03568535171013984,PUD NO 1 OF CHELAN COUNTY 115 kV #211424,0.0 of 0 mi above 40%,132,mi,115.0,0.000487857119878754
5.90627208365864,line,0.0,0.0734859716536528,PUD NO 1 OF CHELAN COUNTY 115 kV #206871,0.0 of 0 mi above 40%,133,mi,115.0,0.00014883848780300468
4.514194397346005,line,0.0,0.05978755483772662,PUD NO 1 OF DOUGLAS COUNTY 115 kV #211409,0.0 of 0 mi above 40%,134,mi,115.0,0.00013982206291984767
0.0,line,0.0,0.09362913599137704,PUD NO 1 OF DOUGLAS COUNTY 230 kV #205763,0.0 of 0 mi above 40%,135,mi,230.0,0.0
0.0,line,0.0,0.17955985923650078,PUD NO 1 OF CHELAN COUNTY 115 kV #211358,0.0 of 0 mi above 40%,136,mi,115.0,0.0
0.0,line,0.0,0.04540228301784342,PUD NO 1 OF CHELAN COUNTY 115 kV #211365,0.0 of 0 mi above 40%,137,mi,115.0,0.0
0.0,line,0.0,0.020459306258903354,PUD NO 1 OF CHELAN COUNTY 115 kV #211373,0.0 of 0 mi above 40%,138,mi,115.0,0.0
0.0,line,0.0,0.06426050872335091,PUD NO 1 OF CHELAN COUNTY 115 kV #211375,0.0 of 0 mi above 40%,139,mi,115.0,0.0
0.0,line,0.0,0.01184339059266751,PUD NO 1 OF CHELAN COUNTY 115 kV #211417,0.0 of 0 mi above 40%,140,mi,115.0,0.0
0.0,line,0.0,0.08879002834649613,PUD NO 1 OF CHELAN COUNTY 115 kV #211418,0.0 of 0 mi above 40%,141,mi,115.0,0.0
0.0,line,0.0,0.0788598032458273,PUD NO 1 OF CHELAN COUNTY 115 kV #211421,0.0 of 0 mi above 40%,142,mi,115.0,0.0
0.0,line,0.0,0.0577405654133479,PUD NO 1 OF CHELAN COUNTY 115 kV #211423,0.0 of 0 mi above 40%,143,mi,115.0,0.0
0.0,line,0.0,0.15279652050793774,PUD NO 1 OF CHELAN COUNTY 115 kV #211427,0.0 of 0 mi above 40%,144,mi,115.0,0.0
0.0,line,0.0,0.05985029809474449,PUD NO 1 OF CHELAN COUNTY 115 kV #211441,0.0 of 0 mi above 40%,145,mi,115.0,0.0
0.0,line,0.0,0.07141423618710405,PUD NO 1 OF CHELAN COUNTY 115 kV #211447,0.0 of 0 mi above 40%,146,mi,115.0,0.0
0.0,line,0.0,0.16936781499700965,PUD NO 1 OF CHELAN COUNTY 115 kV #211452,0.0 of 0 mi above 40%,147,mi,115.0,0.0
0.0,line,0.0,0.05297475064200768,PUD NO 1 OF CHELAN COUNTY 115 kV #211457,0.0 of 0 mi above 40%,148,mi,115.0,0.0
0.0,substation,,,BREWSTER,"115 kV substation, P 0%",149,site,115.0,0.0
0.0,substation,,,SICKLER,"500 kV substation, P 0%",150,site,500.0,0.0
0.0,substation,,,ROCKY REACH,"345 kV substation, P 0%",151,site,345.0,0.0
0.0,substation,,,ANDREW YORK SUBSTATION & SWITCHYARD,"115 kV substation, P 0%",152,site,115.0,0.0
0.0,substation,,,MISSION,"115 kV substation, P 0%",153,site,115.0,0.0
0.0,substation,,,LAKE CHELAN PROJECT SWITCHYARD,"115 kV substation, P 0%",154,site,115.0,0.0
0.0,substation,,,UNKNOWN202968,"115 kV substation, P 0%",155,site,115.0,0.0
0.0,substation,,,WATERVILLE,"69 kV substation, P 0%",156,site,69.0,0.0
0.0,substation,,,TAP209276,"115 kV substation, P 0%",157,site,115.0,0.0
0.0,substation,,,TAP209285,"115 kV substation, P 0%",158,site,115.0,0.0
